n_devices,mode,tree_ms,anchor_ms,proof_ms,total_ms,root_updates,proofs_issued,existing_paths_changed
5,batch,0.029599999106721953,0.29572000057669356,0.012959999730810523,0.33827999941422604,1.0,5.0,0.0
5,individual,0.08199999792850576,17.488200401567155,0.048519999836571515,17.618720399332233,5.0,15.0,10.0
10,batch,0.035719999141292647,0.3384200012078509,0.024039998970692977,0.3981799993198365,1.0,10.0,0.0
10,individual,0.22595999980694614,4.025380001985468,0.21386000080383383,4.465200002596248,10.0,55.0,45.0
25,batch,0.05613999965135008,0.31758000041008927,0.06887999988975935,0.4425999999511987,1.0,25.0,0.0
25,individual,0.8193999994546175,9.589700203650864,0.9174000006169081,11.32650020372239,25.0,325.0,300.0
50,batch,0.14202000020304695,0.3853799993521534,0.14552000066032633,0.6729200002155267,1.0,50.0,0.0
50,individual,3.2941400044364855,26.297280394646805,4.478040196408983,34.069460595492274,50.0,1275.0,1225.0
100,batch,0.21875999882468022,0.41136000072583556,0.30985999983386137,0.9399799993843772,1.0,100.0,0.0
100,individual,9.783200012316229,55.56650099315448,16.047580200392986,81.39728120586369,100.0,5050.0,4950.0
250,batch,0.5989400000544265,0.46017999993637204,1.4390200005436782,2.4981400005344767,1.0,250.0,0.0
250,individual,55.699001194443554,268.7823836102325,117.70330138970166,442.1846861943777,250.0,31375.0,31125.0
500,batch,0.7469399999536108,0.368920000619255,1.722239999071462,2.838099999644328,1.0,500.0,0.0
500,individual,203.17378281833953,773.3177876041736,519.4071695979801,1495.8987400204933,500.0,125250.0,124750.0
