n_devices,run,mode,tree_ms,anchor_ms,proof_ms,total_ms,root_updates,proofs_issued,existing_paths_changed
5,1,individual,0.13649999891640618,81.32260200000019,0.07119999645510688,81.5303019953717,5,15,10
5,1,batch,0.025099998310906813,0.27939999927184545,0.013500000932253897,0.31799999851500615,1,5,0
5,2,individual,0.07120000009308569,1.5580999970552512,0.04420000550453551,1.6735000026528724,5,15,10
5,2,batch,0.0470000013592653,0.2945000014733523,0.012599997717188671,0.3541000005498063,1,5,0
5,3,individual,0.06539999958476983,1.3325000072654802,0.040499999158782884,1.438400006009033,5,15,10
5,3,batch,0.025099998310906813,0.27799999952549115,0.013500000932253897,0.31659999876865186,1,5,0
5,4,individual,0.06949999806238338,1.7627999986871146,0.045000000682193786,1.8772999974316917,5,15,10
5,4,batch,0.025299999833805487,0.28340000062598847,0.012900000001536682,0.32160000046133064,1,5,0
5,5,individual,0.06739999298588373,1.4650000048277434,0.04169999738223851,1.5740999951958656,5,15,10
5,5,batch,0.025499997718725353,0.34330000198679045,0.012299999070819467,0.38109999877633527,1,5,0
10,1,individual,0.18340000315220095,3.412200003367616,0.14650000230176374,3.7421000088215806,10,55,45
10,1,batch,0.03479999941191636,0.3460000007180497,0.026300000172341242,0.4071000003023073,1,10,0
10,2,individual,0.23270000747288577,4.428399992320919,0.22670000180369243,4.887800001597498,10,55,45
10,2,batch,0.03719999949680641,0.347400000464404,0.0230999976338353,0.4076999975950457,1,10,0
10,3,individual,0.24849999681464396,4.372100003820378,0.22170000011101365,4.842300000746036,10,55,45
10,3,batch,0.039599999581696466,0.41910000072675757,0.02609999864944257,0.4847999989578966,1,10,0
10,4,individual,0.16849999883561395,2.8277999990677927,0.12040000001434237,3.116699997917749,10,55,45
10,4,batch,0.030699997296324,0.26870000147027895,0.021299998479662463,0.3206999972462654,1,10,0
10,5,individual,0.2966999927593861,5.086400011350634,0.35399999978835694,5.737100003898377,10,55,45
10,5,batch,0.036299999919719994,0.31090000265976414,0.023399999918183312,0.37060000249766745,1,10,0
25,1,individual,0.8161999903677497,9.98940000863513,1.1793000012403354,11.984900000243215,25,325,300
25,1,batch,0.05419999797595665,0.28960000054212287,0.06629999916185625,0.41009999767993577,1,25,0
25,2,individual,0.8594000028097071,11.097501002950594,1.0714999989431817,13.028401004703483,25,325,300
25,2,batch,0.06239999856916256,0.3339000031701289,0.07249999907799065,0.4688000008172821,1,25,0
25,3,individual,0.7462999928975478,8.87400000647176,0.7586000028823037,10.378900002251612,25,325,300
25,3,batch,0.06399999983841553,0.4654000003938563,0.09940000018104911,0.628800000413321,1,25,0
25,4,individual,0.7983000032254495,8.380700000998331,0.6967999979679007,9.875800002191681,25,325,300
25,4,batch,0.04980000085197389,0.24809999740682542,0.05280000186758116,0.3507000001263805,1,25,0
25,5,individual,0.8768000079726335,9.606899999198504,0.8808000020508189,11.364500009221956,25,325,300
25,5,batch,0.05030000102124177,0.2509000005375128,0.05339999916031957,0.35460000071907416,1,25,0
50,1,individual,3.3493000082671642,28.39119998316164,4.6941010041336995,36.434600995562505,50,1275,1225
50,1,batch,0.09030000001075678,0.3809000008914154,0.15749999874969944,0.6286999996518716,1,50,0
50,2,individual,3.3295000066573266,25.040299991815118,4.370999999082414,32.74079999755486,50,1275,1225
50,2,batch,0.1903000011225231,0.4085000000486616,0.13380000018514693,0.7326000013563316,1,50,0
50,3,individual,3.036600010091206,26.122201004909584,4.379699996206909,33.5385010112077,50,1275,1225
50,3,batch,0.25069999901461415,0.5185999980312772,0.14690000170958228,0.9161999987554736,1,50,0
50,4,individual,3.2870999893930275,25.476600996626075,4.323999997723149,33.08770098374225,50,1275,1225
50,4,batch,0.09219999992637895,0.33769999936339445,0.1771000024746172,0.6070000017643906,1,50,0
50,5,individual,3.468200007773703,26.456099996721605,4.621399984898744,34.54569998939405,50,1275,1225
50,5,batch,0.08660000094096176,0.2811999984260183,0.11230000018258579,0.48009999954956584,1,50,0
100,1,individual,9.02009999845177,51.53000099744531,14.044999992620433,74.59510098851752,100,5050,4950
100,1,batch,0.18399999680696055,0.44610000259126537,0.3279999982623849,0.9580999976606108,1,100,0
100,2,individual,11.432200037233997,65.26230099188979,20.48520000971621,97.17970103884,100,5050,4950
100,2,batch,0.22059999901102856,0.567600000067614,0.3849000022455584,1.173100001324201,1,100,0
100,3,individual,10.164099989196984,59.62600002021645,15.72290099284146,85.5130010022549,100,5050,4950
100,3,batch,0.16039999900385737,0.32110000029206276,0.2631999996083323,0.7446999989042524,1,100,0
100,4,individual,8.734600010939175,49.236401962843956,13.82170000943006,71.79270198321319,100,5050,4950
100,4,batch,0.15659999917261302,0.2835000013874378,0.25579999783076346,0.6958999983908143,1,100,0
100,5,individual,9.565000025759218,52.17780099337688,16.163099997356767,77.90590101649286,100,5050,4950
100,5,batch,0.3722000001289416,0.43849999929079786,0.31740000122226775,1.1281000006420072,1,100,0
250,1,individual,56.671801015909296,277.8829030066845,123.15040197063354,457.70510599322733,250,31375,31125
250,1,batch,0.5130000026838388,0.5535999989660922,2.087799999571871,3.154400001221802,1,250,0
250,2,individual,54.7884019324556,273.067204063409,112.36449996067677,440.2201059565414,250,31375,31125
250,2,batch,0.3595000016503036,0.3612000000430271,0.728700000763638,1.4494000024569687,1,250,0
250,3,individual,52.57260001235409,244.47720500393189,107.23200099528185,404.2818060115678,250,31375,31125
250,3,batch,0.3695999985211529,0.38950000089243986,0.798700002633268,1.5578000020468608,1,250,0
250,4,individual,50.276002006285125,242.78180299006635,104.49620000144932,397.5540049978008,250,31375,31125
250,4,batch,0.5223999978625216,0.3949000019929372,0.9605999985069502,1.877899998362409,1,250,0
250,5,individual,64.18620100521366,305.70280298707075,141.27340402046684,511.16240801275126,250,31375,31125
250,5,batch,1.2301999995543156,0.6016999977873638,2.6193000012426637,4.451199998584343,1,250,0
500,1,individual,230.40250298799947,870.5606120092853,572.0964069805632,1673.059521977848,500,125250,124750
500,1,batch,0.7495999998354819,0.38750000021536835,1.7422999990230892,2.8793999990739394,1,500,0
500,2,individual,195.52480302809272,746.4663069586095,508.25151008029934,1450.2426200670016,500,125250,124750
500,2,batch,0.7152000034693629,0.33149999944726005,1.6810999986773822,2.727800001594005,1,500,0
500,3,individual,195.12450104230084,742.004108029505,508.6784109589644,1445.8070200307702,500,125250,124750
500,3,batch,0.7383999982266687,0.394600003346568,1.7943999991985038,2.9274000007717405,1,500,0
500,4,individual,194.51480300995172,738.9504080238112,509.66510994840064,1443.1303209821635,500,125250,124750
500,4,batch,0.7559999976365361,0.3252000024076551,1.687399999354966,2.7685999993991572,1,500,0
500,5,individual,200.30230402335292,768.6075029996573,498.34441002167296,1467.2542170446832,500,125250,124750
500,5,batch,0.7755000006000046,0.40579999767942354,1.7059999991033692,2.8872999973827973,1,500,0
