n_devices,add_leaf_us_per_device,sort_ms,build_ms,batch_ms,anchor_ms,proofs_total_ms,proof_gen_us_per_device,finalize_total_ms,proof_length_avg,proof_package_bytes_avg,run
5,15.100000018719584,0.0025999979698099196,0.018300001102034003,0.020899999071843922,0.3049000006285496,0.3642999981821049,72.85999963642098,0.7199000028776936,2.6,729.8,1
5,28.480000037234277,0.0019999970390927047,0.016000001778593287,0.01799999881768599,0.25749999986146577,0.3208999987691641,64.17999975383282,0.6265999982133508,2.6,729.8,2
5,11.600000289035961,0.0017999991541728377,0.015099998563528061,0.0168999977177009,0.369400000636233,0.34439999944879673,68.87999988975935,0.7543000028817914,2.6,728.2,3
5,28.000000020256266,0.0021000014385208488,0.01599999814061448,0.01809999957913533,1.0032000027422328,0.3564999969967175,71.2999993993435,1.4044999988982454,2.6,730.2,4
5,12.379999679978937,0.0021999985619913787,0.016199999663513154,0.018399998225504532,0.30500000138999894,0.38329999733832665,76.65999946766533,0.73319999864907,2.6,729.8,5
5,10.479999764356762,0.0020000006770715117,0.015300000086426735,0.017300000763498247,0.24850000045262277,0.31880000096862204,63.76000019372441,0.6073000004107598,2.6,729.0,6
5,14.479999663308263,0.0021000014385208488,0.017700000171316788,0.019800001609837636,0.28839999868068844,0.3314000023237895,66.2800004647579,0.666200001433026,2.6,729.8,7
5,10.49999991664663,0.0015999976312741637,0.015600002370774746,0.01720000000204891,0.3825999992841389,0.3437999985180795,68.7599997036159,0.7680999988224357,2.6,729.8,8
5,10.259999544359744,0.0020000006770715117,0.015099998563528061,0.017099999240599573,0.25069999901461415,0.3603000004659407,72.06000009318814,0.6510000021080486,2.6,727.8,9
5,11.320000339765102,0.0020000006770715117,0.01599999814061448,0.01799999881768599,0.2612000025692396,0.32020000071497634,64.04000014299527,0.6227999983821064,2.6,728.6,10
10,8.879999950295314,0.0031000017770566046,0.022399999579647556,0.02550000135670416,0.27409999893279746,0.6429000022762921,64.2900002276292,0.9739000015542842,3.6,823.0,1
10,8.240000170189887,0.0026999987312592566,0.02170000152545981,0.024400000256719068,0.24769999799900688,0.6033999998180661,60.33999998180661,0.9078000002773479,3.6,823.4,2
10,9.520000094198622,0.0029999973776284605,0.023200002033263445,0.026199999410891905,0.4475999994610902,0.7922000004327856,79.22000004327856,1.3073000009171665,3.6,823.6,3
10,11.26000024669338,0.0039000005926936865,0.025400000595254824,0.02930000118794851,0.40019999869400635,1.281500000914093,128.1500000914093,1.7837999985204078,3.6,824.0,4
10,10.000000111176632,0.0030999981390777975,0.024400000256719068,0.027499998395796865,0.3214999996998813,0.6734000016876962,67.34000016876962,1.05729999995674,3.6,824.2,5
10,8.340000204043463,0.0026999987312592566,0.030899998819222674,0.03359999755048193,0.26839999918593094,1.1955000009038486,119.55000009038486,1.5449999991687946,3.6,824.0,6
10,29.010000071139075,0.005599998985417187,0.0441999982285779,0.049799997213995084,0.7263000006787479,1.5583000022161286,155.83000022161286,2.4105000011331867,3.6,823.2,7
10,19.8199999431381,0.004699999408330768,0.04350000017439015,0.04819999958272092,0.6171999993966892,1.8037000008916948,180.37000008916948,2.5397000026714522,3.6,823.8,8
10,22.900000112713315,0.004900000931229442,0.044299998990027234,0.049199999921256676,17.018099999404512,1.2378999999782536,123.78999999782536,18.37389999855077,3.6,823.4,9
10,20.109999968553893,0.005300000339047983,0.04410000110510737,0.04940000144415535,0.5184999972698279,1.1958000031881966,119.58000031881966,1.8318000002182089,3.6,823.2,10
25,16.484000079799443,0.008099999831756577,0.08989999696495943,0.097999996796716,0.7704000017838553,3.2207000003836583,128.82800001534633,4.218799997033784,4.88,943.88,1
25,7.467999967047945,0.005800000508315861,0.04510000144364312,0.050900001951958984,0.3256999989389442,1.6582999996899161,66.33199998759665,2.101600002788473,4.88,943.0,2
25,14.720000035595149,0.005999998393235728,0.047599998652003706,0.053599997045239434,0.4667000030167401,1.6389999982493464,65.55999992997386,2.231700000265846,4.88,944.12,3
25,8.719999896129593,0.004900000931229442,0.04479999915929511,0.049700000090524554,0.3313000015623402,1.7869010007416364,71.47604002966546,2.238301000033971,4.88,943.96,4
25,19.01199997519143,0.00799999907030724,0.09340000178781338,0.10140000085812062,0.5951999992248602,2.9198000011092518,116.79200004437007,3.7674000013794284,4.88,944.44,5
25,17.09200005279854,0.007800001185387373,0.08929999967222102,0.09710000085760839,0.4709999993792735,4.045500001666369,161.82000006665476,4.770999999891501,4.88,944.12,6
25,17.26400005281903,0.008999999408842996,0.0957000011112541,0.10470000052009709,0.8598999993409961,3.0168999983288813,120.67599993315525,4.114799998205854,4.88,943.88,7
25,24.60800009430386,0.008899998647393659,0.09340000178781338,0.10230000043520704,0.5909999999857973,3.045999997993931,121.83999991975725,3.873199999361532,4.88,943.88,8
25,20.060000097146258,0.008200000593205914,0.0957000011112541,0.10390000170446001,0.6035000005795155,1.6318999987561256,65.27599995024502,2.420600001642015,4.88,943.56,9
25,11.215999984415248,0.005099998816149309,0.04360000093583949,0.0486999997519888,0.5210000017541461,1.5389000000141095,61.55600000056438,2.174999997805571,4.88,943.48,10
50,6.4000000566011295,0.009100000170292333,0.09800000043469481,0.10710000060498714,0.3235000003769528,3.2738000008976087,65.47600001795217,3.8401000019803178,5.88,1037.56,1
50,6.645999965257943,0.009000003046821803,0.07509999704780057,0.08410000009462237,0.3925000019080471,3.493500000331551,69.87000000663102,4.107799999474082,5.88,1037.76,2
50,11.480000030132942,0.009700001101009548,0.0900999984878581,0.09979999958886765,0.527299998793751,3.3508000014990102,67.0160000299802,4.08890000107931,5.88,1037.6,3
50,6.071999960113317,0.00839999847812578,0.07610000102431513,0.08449999950244091,0.2792999985103961,3.179499999532709,63.58999999065418,3.7402999987534713,5.88,1037.4,4
50,7.5659999856725335,0.008899998647393659,0.07550000009359792,0.08439999874099158,0.3741000000445638,3.0286000001069624,60.57200000213925,3.5848000006808434,5.88,1037.68,5
50,5.994000021019019,0.008000002708286047,0.0728009981685318,0.08080100087681785,0.2576000006229151,4.195999998046318,83.91999996092636,4.629601000488037,5.88,1037.72,6
50,6.312000041361898,0.008799997885944322,0.0746000005165115,0.08339999840245582,0.332799998432165,3.179300001647789,63.58600003295578,3.718500000104541,5.88,1037.8,7
50,6.209999992279336,0.008400002116104588,0.08289999823318794,0.09130000034929253,0.29630000062752515,3.188499998941552,63.76999997883104,3.6716999966301955,5.88,1037.92,8
50,8.698000019649044,0.008899998647393659,0.07610000102431513,0.08499999967170879,0.34700000105658546,3.1522999997832812,63.045999995665625,3.6804999981541187,5.88,1037.24,9
50,5.969999983790331,0.00839999847812578,0.07370000093942508,0.08209999941755086,0.2905999972426798,3.629500002716668,72.59000005433336,4.109599998628255,5.88,1037.64,10
100,6.556000007549301,0.021299998479662463,0.22080000053392723,0.2420999990135897,0.6514000015158672,6.60029999926337,66.0029999926337,7.680799997615395,6.88,1131.9,1
100,6.135000003268942,0.01759999940986745,0.13830000170855783,0.15590000111842528,0.3023999997822102,6.574999999429565,65.74999999429565,7.201699998404365,6.88,1131.82,2
100,6.385000015143305,0.017400001524947584,0.13799999942420982,0.1554000009491574,0.31060000037541613,8.244199998443946,82.44199998443946,8.906600000045728,6.88,1131.86,3
100,6.463999998231884,0.017600003047846258,0.13669999680132605,0.1542999998491723,0.3004000027431175,6.264599996939069,62.64599996939069,6.882300000143005,6.88,1131.48,4
100,6.108999987191055,0.01840000186348334,0.13939999917056412,0.15780000103404745,0.478300000395393,6.955599998036632,69.55599998036632,7.75939999948605,6.88,1131.6,5
100,6.562999988091178,0.01799999881768599,0.1368000012007542,0.1548000000184402,0.33209999673999846,6.154600003355881,61.54600003355881,6.8036000011488795,6.88,1131.68,6
100,6.226999976206571,0.01720000000204891,0.13630000103148632,0.15350000103353523,0.34270000105607323,6.358199996611802,63.58199996611802,7.020799999736482,6.88,1131.74,7
100,5.944000004092231,0.0180000024556648,0.13620000027003698,0.15420000272570178,0.30189999961294234,6.296699997619726,62.96699997619726,6.917099999554921,6.88,1131.66,8
100,5.9470000269357115,0.027000001864507794,0.18199999976786785,0.20900000163237564,0.3642999981821049,6.609500000195112,66.09500000195112,7.374000000709202,6.88,1131.76,9
100,6.053999968571588,0.01889999839477241,0.14070000179344788,0.1596000001882203,0.3656999979284592,6.542099999933271,65.42099999933271,7.23669999933918,6.88,1131.68,10
250,6.568400000105612,0.04450000051292591,0.325099998008227,0.3695999985211529,0.5162999987078365,18.057300003420096,72.22920001368038,19.565499998861924,7.984,1235.528,1
250,6.313999998383224,0.045000000682193786,0.3237000018998515,0.36870000258204527,0.41879999844240956,17.27530100106378,69.10120400425512,18.525601000874303,7.984,1235.52,2
250,6.396400000085123,0.04450000051292591,0.32270000156131573,0.36720000207424164,0.36809999801334925,16.046600001573097,64.18640000629239,17.239699998754077,7.984,1235.552,3
250,5.952799998340197,0.04350000017439015,0.34580000283312984,0.38930000300752,0.356399999873247,16.242800000327406,64.97120000130963,17.462799998611445,7.984,1235.592,4
250,5.904799996642396,0.0897999998414889,0.3257999997003935,0.4155999995418824,0.35740000021178275,15.78520100156311,63.14080400625244,17.00910100043984,7.984,1235.312,5
250,5.729600001359358,0.04319999789004214,0.3212000010535121,0.36439999894355424,0.3311000000394415,16.175299999304116,64.70119999721646,17.305599998508114,7.984,1235.496,6
250,5.843599996296689,0.04289999924367294,0.31970000054570846,0.3625999997893814,0.329400001646718,43.38900099901366,173.55600399605464,44.527201000164496,7.984,1235.504,7
250,5.7056000077864155,0.04320000152802095,0.32139999893843196,0.3646000004664529,0.3116000007139519,16.18650000091293,64.74600000365172,17.27299999765819,7.984,1235.448,8
250,5.802800005767494,0.04350000017439015,0.34420000156387687,0.387700001738267,0.3391999998711981,17.872000000352273,71.48800000140909,19.06320000125561,7.984,1235.656,9
250,6.766799997421913,0.044699998397845775,0.3830999994534068,0.42779999785125256,0.42970000140485354,16.29060000050231,65.16240000200924,17.601299998204922,7.984,1235.328,10
500,5.784199995105155,0.09110000246437266,0.6689999972877558,0.7600999997521285,0.4335000012360979,35.876900001312606,71.75380000262521,38.3174999988114,8.984,1329.468,1
500,5.854999995790422,0.09190000128000975,0.6632000004174188,0.7551000016974285,0.39339999784715474,33.97050100102206,67.94100200204412,36.06970100008766,8.984,1329.54,2
500,5.745999995269813,0.09080000018002465,0.6412000002455898,0.7320000004256144,0.34699999741860665,34.8191000011866,69.6382000023732,36.88050000346266,8.984,1329.388,3
500,5.9670019982149825,0.13169999874662608,0.7542999992438126,0.8859999979904387,0.5401000016718172,36.75749999820255,73.5149999964051,39.32150000036927,8.984,1329.384,4
500,5.871399996976834,0.09130000034929253,0.6654999997408595,0.756800000090152,0.36890000046696514,36.814300998230465,73.62860199646093,38.91620099966531,8.984,1329.572,5
500,5.887999999686144,0.09019999924930744,0.6428999986383133,0.7330999978876207,0.4451000022527296,35.83019999859971,71.66039999719942,37.97660000054748,8.984,1329.632,6
500,6.297799998719711,0.10769999789772555,0.7908000006864313,0.8984999985841569,0.580299998546252,35.652000002301065,71.30400000460213,38.20619999896735,8.984,1329.672,7
500,6.304399998043664,0.09370000043418258,0.6398000004992355,0.733500000933418,0.42920000123558566,34.28220099885948,68.56440199771896,36.42270099953748,8.984,1329.556,8
500,5.864400001883041,0.09399999908055179,0.6429000022762921,0.7369000013568439,0.3839999990304932,33.81939999962924,67.63879999925848,35.91070000038599,8.984,1329.488,9
500,5.889200001547579,0.11369999992894009,0.7269000016094651,0.8406000015384052,0.3986000010627322,34.6559999998135,69.311999999627,36.922400002367795,8.984,1329.512,10
1000,5.880299999262206,0.19219999740016647,1.3128999999025837,1.5050999973027501,0.3692999998747837,101.71380200335989,101.71380200335989,105.89510199861252,9.984,1423.504,1
1000,6.031900000380119,0.19729999985429458,1.299999999901047,1.4972999997553416,0.39370000013150275,73.28130099995178,73.28130099995178,77.16610100032995,9.984,1423.438,2
1000,5.907999999180902,0.2125000028172508,1.2953999976161867,1.5079000004334375,0.3823000006377697,69.17240099937771,69.17240099937771,73.05160100077046,9.984,1423.45,3
1000,6.002099999022903,0.1953999999386724,1.3016000011703,1.4970000011089724,0.45879999743192457,70.26640100229997,70.26640100229997,74.28330100083258,9.984,1423.48,4
1000,5.789200000435812,0.19600000086938962,1.2884999996458646,1.4845000005152542,0.36550000004353933,72.44770100078313,72.44770100078313,76.38740100082941,9.984,1423.44,5
1000,5.906800000957446,0.19389999943086877,1.2896999978693202,1.483599997300189,0.38350000249920413,70.25070099916775,70.25070099916775,74.42330099729588,9.984,1423.574,6
1000,6.122700000560144,0.2002000001084525,1.388000000588363,1.5882000006968156,0.5343000011635013,83.87440099977539,83.87440099977539,87.98750099958852,9.984,1423.514,7
1000,6.0864999977638945,0.19889999748556875,1.2941999993927311,1.4930999968782999,0.40270000317832455,105.857301998185,105.857301998185,109.67500200058566,9.984,1423.494,8
1000,5.870400000276277,0.21809999816468917,1.350599999568658,1.5686999977333471,0.42320000284234993,72.9254010002478,72.9254010002478,76.93890099835698,9.984,1423.414,9
1000,6.471200002124533,0.23539999892818742,1.3293000010889955,1.564700000017183,0.5667000004905276,76.8967009971675,76.8967009971675,81.28900099836756,9.984,1423.438,10
