n_devices,run,registration_latency_ms,registration_latency_max_ms,throughput_sequential_rps,throughput_concurrent_rps
5,1,12.768420200882247,13.066900999547215,58.78611239642493,64.87650588418795
5,2,14.058840600046096,15.902700000879122,52.949441130793694,58.038910260161856
5,3,12.236220599879744,13.032799997745315,58.29659472163145,71.79255764334384
5,4,11.791760400228668,12.83100100044976,60.151532296063145,73.89442632374596
5,5,12.997260200063465,14.658500000223285,55.103460439085225,68.30153027396305
10,1,12.366400499740848,14.518599997245474,56.317435024801654,70.0321778264257
10,2,12.276990399550414,14.572501000657212,58.13862089079892,61.31587359758024
10,3,13.450890500462265,20.285799997509457,54.56844125341317,55.42542742999469
10,4,12.758419999227044,14.315799999167211,55.39239264650255,75.73835198678526
10,5,12.887340400266112,14.876301000185777,55.00861558619816,65.80527344421027
25,1,14.09085244013113,18.760601000394672,51.181911850584044,68.88437410912518
25,2,12.968696399620967,18.92039999802364,56.71741662446521,65.91191182498396
25,3,15.375700599543052,19.02760099983425,49.03603770429454,72.87858138283524
25,4,12.037968519871356,15.282701002433896,58.67227656227547,71.96350391054416
25,5,14.48876863985788,25.247402001696173,51.305202083572055,71.81091015400776
50,1,14.474160580139142,39.875001999462256,50.035788397828206,64.83005422365449
50,2,12.797428580088308,15.326201002608286,55.17080417534833,75.27630593389385
50,3,12.262788520019967,23.03370099980384,56.75618606873046,74.01132015010654
50,4,12.56148052001663,14.833900997473393,56.31214450608601,67.91411125125059
50,5,12.362782320342376,14.786299998377217,59.579656727885734,70.40686532056985
100,1,12.503662379822345,14.942200999939814,55.68100334025261,75.65407095859963
100,2,12.731642350117909,23.05120099845226,55.73583469198208,65.76558831490662
100,3,12.987638429949584,17.14710099986405,55.96210592254404,69.29921686688202
100,4,12.388131450024957,14.433200001803925,57.68875894609995,70.57786870050349
100,5,12.736763789944234,15.718601000116905,56.13052263925382,68.22769732323913
