n_devices,run,tree_leaves,proof_siblings,verify_crypto_us,token_check_us,verify_e2e_ms,token_e2e_ms,throughput_seq_rps,throughput_conc_rps
5,1,5,2.6,290.6400004576426,244.15999941993502,5.611460199725116,6.632499999977881,169.01851407732195,149.79712342693205
5,2,5,2.6,302.0199997990858,188.58000039472245,5.258740000863327,5.071560198848601,187.85782471546332,156.56474136544085
5,3,5,2.6,221.92000105860643,191.88000078429468,5.273140000645071,4.794839799433248,201.65127856147603,159.44359148481306
5,4,5,2.6,237.84000004525296,241.89999894588254,6.975479998800438,6.914359798975056,191.50501322349933,144.99090377081205
5,5,5,2.6,217.67999933217652,195.74000107240863,6.172839799546637,5.569419998937519,174.13651635227717,141.49816647008333
10,1,10,3.6,202.72999900043942,190.30999937967863,5.312149899691576,5.490270000518649,177.9029914382009,160.44252757354673
10,2,10,3.6,260.6599999126047,233.02999943553004,6.939669900384615,6.606889999602572,183.05976135107554,152.8753263770726
10,3,10,3.6,294.87000065273605,265.27999980316963,8.771619999970426,9.817290099454112,152.15805306375006,149.77311914861056
10,4,10,3.6,256.68000052974094,232.00999967230018,6.862229999751435,5.9377801004302455,148.09170798475634,109.7321372142313
10,5,10,3.6,200.72999941476155,167.75000076449942,5.113779999737744,4.953470100372215,178.60045018749636,172.2872206634227
25,1,25,4.88,190.90400033746846,173.51599992252886,4.862123800267,4.7481038005207665,184.95252107838238,168.82763792202667
25,2,25,4.88,190.20399995497428,172.81595995882526,5.101995800505392,4.868679799983511,203.11613482236845,179.4724839581509
25,3,25,4.88,194.21600038185716,174.19595998944715,4.9352917991927825,4.767779800167773,203.09633379335605,174.1676534156703
25,4,25,4.88,195.79599989810959,178.0880001024343,6.4249320403905585,4.88039599993499,201.08419389276293,176.56270338614493
25,5,25,4.88,191.38399977236986,182.4959994701203,4.956068039755337,5.878252000402426,201.05689497564876,174.65691441480217
50,1,50,5.88,384.4340002251556,196.7739799147239,6.091693860071246,5.9177318799629575,184.05746255538403,164.83832502105903
50,2,50,5.88,287.99200008506887,251.0819999588421,7.329627479921328,6.955980880011339,176.211069650588,144.5733558153836
50,3,50,5.88,281.92396006488707,233.65996014035773,7.066218880354427,6.643482919971575,152.444847155955,138.0165413460176
50,4,50,5.88,196.75596013257746,188.72396009101067,5.380789120172267,5.591435100213857,190.50962400754477,173.3562812903869
50,5,50,5.88,194.14000045799185,194.2319997760933,5.228352020058082,5.012704019827652,175.21496747661575,148.1485754744159
100,1,100,6.88,190.70799975452246,169.98699968098663,5.172750009915035,4.807845000250381,207.11154757961148,176.95242432610812
100,2,100,6.88,196.2550001917407,170.41000002791407,4.965370999962033,5.080517010064796,198.8033428397469,174.84874241841257
100,3,100,6.88,194.2500001314329,177.46399986208417,5.122119010120514,5.053279009880498,189.6600917710282,162.6077863397331
100,4,100,6.88,195.7299994683126,181.38000017643208,5.196235009861994,5.189047010062495,189.8814814952119,171.30513844079456
100,5,100,6.88,207.10900003905408,204.7189998847898,5.296108010079479,5.195281010092003,189.71228199301376,167.63510823722618
